image,scene,protocol,focal_mm,true_vfov_deg,est_vfov_deg,err_deg,spread_deg
rungA_boxes_f016_fixedframe.png,boxes,fixedframe,16,73.74,66.425,-7.315,0.0
rungA_boxes_f016_fixedpos.png,boxes,fixedpos,16,73.74,66.668,-7.072,0.0
rungA_boxes_f024_fixedframe.png,boxes,fixedframe,24,53.13,50.767,-2.363,0.0
rungA_boxes_f024_fixedpos.png,boxes,fixedpos,24,53.13,50.767,-2.363,0.0
rungA_boxes_f035_fixedframe.png,boxes,fixedframe,35,37.849,33.953,-3.896,0.0
rungA_boxes_f035_fixedpos.png,boxes,fixedpos,35,37.849,35.368,-2.481,0.0
rungA_boxes_f050_fixedframe.png,boxes,fixedframe,50,26.991,31.669,4.678,0.0
rungA_boxes_f050_fixedpos.png,boxes,fixedpos,50,26.991,26.643,-0.348,0.0
rungA_boxes_f085_fixedframe.png,boxes,fixedframe,85,16.071,29.276,13.205,0.0
rungA_boxes_f085_fixedpos.png,boxes,fixedpos,85,16.071,15.819,-0.252,0.0
rungA_boxes_f135_fixedframe.png,boxes,fixedframe,135,10.159,44.831,34.672,0.0
rungA_boxes_f135_fixedpos.png,boxes,fixedpos,135,10.159,10.519,0.36,0.0
rungA_boxes_f200_fixedframe.png,boxes,fixedframe,200,6.867,51.818,44.951,0.0
rungA_boxes_f200_fixedpos.png,boxes,fixedpos,200,6.867,7.267,0.4,0.0
rungA_cones_f016_fixedframe.png,cones,fixedframe,16,73.74,65.924,-7.816,0.0
rungA_cones_f016_fixedpos.png,cones,fixedpos,16,73.74,66.363,-7.377,0.0
rungA_cones_f024_fixedframe.png,cones,fixedframe,24,53.13,51.068,-2.062,0.0
rungA_cones_f024_fixedpos.png,cones,fixedpos,24,53.13,51.068,-2.062,0.0
rungA_cones_f035_fixedframe.png,cones,fixedframe,35,37.849,33.923,-3.926,0.0
rungA_cones_f035_fixedpos.png,cones,fixedpos,35,37.849,35.048,-2.801,0.0
rungA_cones_f050_fixedframe.png,cones,fixedframe,50,26.991,30.943,3.952,0.0
rungA_cones_f050_fixedpos.png,cones,fixedpos,50,26.991,27.174,0.183,0.0
rungA_cones_f085_fixedframe.png,cones,fixedframe,85,16.071,29.665,13.594,0.0
rungA_cones_f085_fixedpos.png,cones,fixedpos,85,16.071,23.004,6.933,0.0
rungA_cones_f135_fixedframe.png,cones,fixedframe,135,10.159,41.448,31.289,0.0
rungA_cones_f135_fixedpos.png,cones,fixedpos,135,10.159,20.685,10.526,0.0
rungA_cones_f200_fixedframe.png,cones,fixedframe,200,6.867,50.687,43.82,0.0
rungA_cones_f200_fixedpos.png,cones,fixedpos,200,6.867,40.576,33.709,0.0
rungA_cylinders_f016_fixedframe.png,cylinders,fixedframe,16,73.74,65.414,-8.326,0.0
rungA_cylinders_f016_fixedpos.png,cylinders,fixedpos,16,73.74,66.207,-7.533,0.0
rungA_cylinders_f024_fixedframe.png,cylinders,fixedframe,24,53.13,49.603,-3.527,0.0
rungA_cylinders_f024_fixedpos.png,cylinders,fixedpos,24,53.13,49.603,-3.527,0.0
rungA_cylinders_f035_fixedframe.png,cylinders,fixedframe,35,37.849,33.093,-4.756,0.0
rungA_cylinders_f035_fixedpos.png,cylinders,fixedpos,35,37.849,34.182,-3.667,0.0
rungA_cylinders_f050_fixedframe.png,cylinders,fixedframe,50,26.991,29.437,2.446,0.0
rungA_cylinders_f050_fixedpos.png,cylinders,fixedpos,50,26.991,26.415,-0.576,0.0
rungA_cylinders_f085_fixedframe.png,cylinders,fixedframe,85,16.071,28.505,12.434,0.0
rungA_cylinders_f085_fixedpos.png,cylinders,fixedpos,85,16.071,15.397,-0.674,0.0
rungA_cylinders_f135_fixedframe.png,cylinders,fixedframe,135,10.159,35.878,25.719,0.0
rungA_cylinders_f135_fixedpos.png,cylinders,fixedpos,135,10.159,8.693,-1.466,0.0
rungA_cylinders_f200_fixedframe.png,cylinders,fixedframe,200,6.867,51.531,44.664,0.0
rungA_cylinders_f200_fixedpos.png,cylinders,fixedpos,200,6.867,31.833,24.966,0.0
rungA_spheres_f016_fixedframe.png,spheres,fixedframe,16,73.74,63.816,-9.924,0.0
rungA_spheres_f016_fixedpos.png,spheres,fixedpos,16,73.74,64.791,-8.949,0.0
rungA_spheres_f024_fixedframe.png,spheres,fixedframe,24,53.13,49.048,-4.082,0.0
rungA_spheres_f024_fixedpos.png,spheres,fixedpos,24,53.13,49.048,-4.082,0.0
rungA_spheres_f035_fixedframe.png,spheres,fixedframe,35,37.849,32.582,-5.267,0.0
rungA_spheres_f035_fixedpos.png,spheres,fixedpos,35,37.849,32.818,-5.031,0.0
rungA_spheres_f050_fixedframe.png,spheres,fixedframe,50,26.991,29.232,2.241,0.0
rungA_spheres_f050_fixedpos.png,spheres,fixedpos,50,26.991,25.133,-1.858,0.0
rungA_spheres_f085_fixedframe.png,spheres,fixedframe,85,16.071,26.516,10.445,0.0
rungA_spheres_f085_fixedpos.png,spheres,fixedpos,85,16.071,17.92,1.849,0.0
rungA_spheres_f135_fixedframe.png,spheres,fixedframe,135,10.159,35.531,25.372,0.0
rungA_spheres_f135_fixedpos.png,spheres,fixedpos,135,10.159,10.493,0.334,0.0
rungA_spheres_f200_fixedframe.png,spheres,fixedframe,200,6.867,53.235,46.368,0.0
rungA_spheres_f200_fixedpos.png,spheres,fixedpos,200,6.867,32.691,25.824,0.0
rungA_trees_f016_fixedframe.png,trees,fixedframe,16,73.74,63.869,-9.871,0.0
rungA_trees_f016_fixedpos.png,trees,fixedpos,16,73.74,67.479,-6.261,0.0
rungA_trees_f024_fixedframe.png,trees,fixedframe,24,53.13,49.424,-3.706,0.0
rungA_trees_f024_fixedpos.png,trees,fixedpos,24,53.13,49.424,-3.706,0.0
rungA_trees_f035_fixedframe.png,trees,fixedframe,35,37.849,34.454,-3.395,0.0
rungA_trees_f035_fixedpos.png,trees,fixedpos,35,37.849,34.112,-3.737,0.0
rungA_trees_f050_fixedframe.png,trees,fixedframe,50,26.991,31.492,4.501,0.0
rungA_trees_f050_fixedpos.png,trees,fixedpos,50,26.991,32.463,5.472,0.0
rungA_trees_f085_fixedframe.png,trees,fixedframe,85,16.071,30.927,14.856,0.0
rungA_trees_f085_fixedpos.png,trees,fixedpos,85,16.071,33.68,17.609,0.0
rungA_trees_f135_fixedframe.png,trees,fixedframe,135,10.159,41.502,31.343,0.0
rungA_trees_f135_fixedpos.png,trees,fixedpos,135,10.159,36.06,25.901,0.0
rungA_trees_f200_fixedframe.png,trees,fixedframe,200,6.867,50.906,44.039,0.0
rungA_trees_f200_fixedpos.png,trees,fixedpos,200,6.867,27.58,20.713,0.0
